-- phpMyAdmin SQL Dump
-- version 3.4.10.1
-- http://www.phpmyadmin.net
--
-- Host: localhost
-- Generation Time: Feb 02, 2017 at 09:25 AM
-- Server version: 5.6.20
-- PHP Version: 5.4.31

SET SQL_MODE="NO_AUTO_VALUE_ON_ZERO";
SET time_zone = "+00:00";


/*!40101 SET @OLD_CHARACTER_SET_CLIENT=@@CHARACTER_SET_CLIENT */;
/*!40101 SET @OLD_CHARACTER_SET_RESULTS=@@CHARACTER_SET_RESULTS */;
/*!40101 SET @OLD_COLLATION_CONNECTION=@@COLLATION_CONNECTION */;
/*!40101 SET NAMES utf8 */;

--
-- Database: `pgludtr`
--

-- --------------------------------------------------------

--
-- Table structure for table `backlogs`
--

CREATE TABLE IF NOT EXISTS `backlogs` (
  `id` int(10) NOT NULL AUTO_INCREMENT,
  `pers_id` varchar(10) NOT NULL,
  `date` date NOT NULL,
  `log` datetime NOT NULL,
  `machine` int(11) NOT NULL,
  `system_log` datetime NOT NULL,
  PRIMARY KEY (`id`)
) ENGINE=InnoDB  DEFAULT CHARSET=latin1 AUTO_INCREMENT=241 ;

--
-- Dumping data for table `backlogs`
--

INSERT INTO `backlogs` (`id`, `pers_id`, `date`, `log`, `machine`, `system_log`) VALUES
(1, '55030', '2017-01-02', '2017-01-02 07:45:22', 0, '2017-01-30 14:21:14'),
(2, '55030', '2017-01-02', '2017-01-02 16:01:44', 0, '2017-01-30 14:21:14'),
(3, '55030', '2017-01-02', '2017-01-02 16:01:46', 0, '2017-01-30 14:21:14'),
(4, '55030', '2017-01-02', '2017-01-02 16:01:48', 0, '2017-01-30 14:21:15'),
(5, '56061', '2017-01-02', '2017-01-02 07:56:24', 0, '2017-01-30 14:21:15'),
(6, '56061', '2017-01-02', '2017-01-02 07:56:27', 0, '2017-01-30 14:21:15'),
(7, '56061', '2017-01-02', '2017-01-02 12:01:53', 0, '2017-01-30 14:21:15'),
(8, '56061', '2017-01-02', '2017-01-02 12:01:55', 0, '2017-01-30 14:21:15'),
(9, '56061', '2017-01-02', '2017-01-02 12:36:09', 0, '2017-01-30 14:21:15'),
(10, '56061', '2017-01-02', '2017-01-02 12:36:11', 0, '2017-01-30 14:21:15'),
(11, '56061', '2017-01-02', '2017-01-02 18:00:41', 0, '2017-01-30 14:21:15'),
(12, '56061', '2017-01-02', '2017-01-02 18:00:42', 0, '2017-01-30 14:21:15'),
(13, '58063', '2017-01-02', '2017-01-02 08:24:09', 0, '2017-01-30 14:21:15'),
(14, '58063', '2017-01-02', '2017-01-02 08:24:14', 0, '2017-01-30 14:21:15'),
(15, '59031     ', '2017-01-02', '2017-01-02 07:41:14', 0, '2017-01-30 14:21:15'),
(16, '59031     ', '2017-01-02', '2017-01-02 07:41:17', 0, '2017-01-30 14:21:15'),
(17, '59031     ', '2017-01-02', '2017-01-02 17:16:42', 0, '2017-01-30 14:21:15'),
(18, '59031     ', '2017-01-02', '2017-01-02 17:16:45', 0, '2017-01-30 14:21:15'),
(19, '60007', '2017-01-02', '2017-01-02 08:57:36', 0, '2017-01-30 14:21:15'),
(20, '60007', '2017-01-02', '2017-01-02 12:00:35', 0, '2017-01-30 14:21:15'),
(21, '60007', '2017-01-02', '2017-01-02 12:36:05', 0, '2017-01-30 14:21:16'),
(22, '60007', '2017-01-02', '2017-01-02 20:02:32', 0, '2017-01-30 14:21:16'),
(23, '63006', '2017-01-02', '2017-01-02 08:39:17', 0, '2017-01-30 14:21:16'),
(24, '63006', '2017-01-02', '2017-01-02 08:39:20', 0, '2017-01-30 14:21:16'),
(25, '63006', '2017-01-02', '2017-01-02 12:01:16', 0, '2017-01-30 14:21:16'),
(26, '63006', '2017-01-02', '2017-01-02 12:01:19', 0, '2017-01-30 14:21:16'),
(27, '63006', '2017-01-02', '2017-01-02 12:36:14', 0, '2017-01-30 14:21:16'),
(28, '63006', '2017-01-02', '2017-01-02 12:36:16', 0, '2017-01-30 14:21:16'),
(29, '63006', '2017-01-02', '2017-01-02 16:50:06', 0, '2017-01-30 14:21:16'),
(30, '63006', '2017-01-02', '2017-01-02 16:50:09', 0, '2017-01-30 14:21:16'),
(31, '64021', '2017-01-02', '2017-01-02 09:15:13', 0, '2017-01-30 14:21:16'),
(32, '64021', '2017-01-02', '2017-01-02 12:02:13', 0, '2017-01-30 14:21:16'),
(33, '64021', '2017-01-02', '2017-01-02 12:41:02', 0, '2017-01-30 14:21:16'),
(34, '64021', '2017-01-02', '2017-01-02 22:46:47', 0, '2017-01-30 14:21:16'),
(35, '64062', '2017-01-02', '2017-01-02 10:33:14', 0, '2017-01-30 14:21:16'),
(36, '64062', '2017-01-02', '2017-01-02 12:00:50', 0, '2017-01-30 14:21:16'),
(37, '64062', '2017-01-02', '2017-01-02 14:19:57', 0, '2017-01-30 14:21:17'),
(38, '64062', '2017-01-02', '2017-01-02 19:25:33', 0, '2017-01-30 14:21:17'),
(39, '65008', '2017-01-02', '2017-01-02 08:25:16', 0, '2017-01-30 14:21:17'),
(40, '65008', '2017-01-02', '2017-01-02 12:00:20', 0, '2017-01-30 14:21:17'),
(41, '65008', '2017-01-02', '2017-01-02 12:36:19', 0, '2017-01-30 14:21:17'),
(42, '65008', '2017-01-02', '2017-01-02 12:36:23', 0, '2017-01-30 14:21:17'),
(43, '65008', '2017-01-02', '2017-01-02 20:05:46', 0, '2017-01-30 14:21:17'),
(44, '65054', '2017-01-02', '2017-01-02 09:53:14', 1, '2017-01-30 14:21:17'),
(45, '65054', '2017-01-02', '2017-01-02 09:53:15', 1, '2017-01-30 14:21:17'),
(46, '65054', '2017-01-02', '2017-01-02 09:53:17', 1, '2017-01-30 14:21:17'),
(47, '65054', '2017-01-02', '2017-01-02 09:53:19', 1, '2017-01-30 14:21:17'),
(48, '65054', '2017-01-02', '2017-01-02 09:53:22', 1, '2017-01-30 14:21:17'),
(49, '65054', '2017-01-02', '2017-01-02 09:53:25', 1, '2017-01-30 14:21:17'),
(50, '65054', '2017-01-02', '2017-01-02 12:46:07', 1, '2017-01-30 14:21:17'),
(51, '65054', '2017-01-02', '2017-01-02 12:46:09', 1, '2017-01-30 14:21:17'),
(52, '65074', '2017-01-02', '2017-01-02 13:05:31', 0, '2017-01-30 14:21:18'),
(53, '65074', '2017-01-02', '2017-01-02 22:03:29', 0, '2017-01-30 14:21:18'),
(54, '66006', '2017-01-02', '2017-01-02 08:10:15', 0, '2017-01-30 14:21:18'),
(55, '66006', '2017-01-02', '2017-01-02 08:10:20', 0, '2017-01-30 14:21:18'),
(56, '66006', '2017-01-02', '2017-01-02 12:02:23', 0, '2017-01-30 14:21:18'),
(57, '66006', '2017-01-02', '2017-01-02 12:02:28', 0, '2017-01-30 14:21:18'),
(58, '66006', '2017-01-02', '2017-01-02 12:41:06', 0, '2017-01-30 14:21:18'),
(59, '66006', '2017-01-02', '2017-01-02 12:41:09', 0, '2017-01-30 14:21:18'),
(60, '66006', '2017-01-02', '2017-01-02 20:07:40', 0, '2017-01-30 14:21:18'),
(61, '66058', '2017-01-02', '2017-01-02 15:50:52', 0, '2017-01-30 14:21:18'),
(62, '66058', '2017-01-02', '2017-01-02 15:50:53', 0, '2017-01-30 14:21:18'),
(63, '66058', '2017-01-02', '2017-01-02 15:50:55', 0, '2017-01-30 14:21:18'),
(64, '66058', '2017-01-02', '2017-01-02 15:50:57', 0, '2017-01-30 14:21:18'),
(65, '67002', '2017-01-02', '2017-01-02 08:31:26', 0, '2017-01-30 14:21:18'),
(66, '67002', '2017-01-02', '2017-01-02 10:59:03', 0, '2017-01-30 14:21:18'),
(67, '67002', '2017-01-02', '2017-01-02 11:00:40', 0, '2017-01-30 14:21:18'),
(68, '67002', '2017-01-02', '2017-01-02 13:02:41', 0, '2017-01-30 14:21:18'),
(69, '67002', '2017-01-02', '2017-01-02 18:15:07', 0, '2017-01-30 14:21:18'),
(70, '67003', '2017-01-02', '2017-01-02 08:29:15', 0, '2017-01-30 14:21:19'),
(71, '67003', '2017-01-02', '2017-01-02 08:29:20', 0, '2017-01-30 14:21:19'),
(72, '67003', '2017-01-02', '2017-01-02 12:02:36', 0, '2017-01-30 14:21:19'),
(73, '67003', '2017-01-02', '2017-01-02 12:02:38', 0, '2017-01-30 14:21:19'),
(74, '67003', '2017-01-02', '2017-01-02 12:41:59', 0, '2017-01-30 14:21:19'),
(75, '67003', '2017-01-02', '2017-01-02 12:42:01', 0, '2017-01-30 14:21:19'),
(76, '67003', '2017-01-02', '2017-01-02 20:07:54', 0, '2017-01-30 14:21:19'),
(77, '67003', '2017-01-02', '2017-01-02 20:07:56', 0, '2017-01-30 14:21:19'),
(78, '70065', '2017-01-02', '2017-01-02 00:01:17', 0, '2017-01-30 14:21:19'),
(79, '70065', '2017-01-02', '2017-01-02 00:01:20', 0, '2017-01-30 14:21:19'),
(80, '70065', '2017-01-02', '2017-01-02 23:30:14', 0, '2017-01-30 14:21:19'),
(81, '70065', '2017-01-02', '2017-01-02 23:30:16', 0, '2017-01-30 14:21:19'),
(82, '70077', '2017-01-02', '2017-01-02 08:04:05', 0, '2017-01-30 14:21:19'),
(83, '70077', '2017-01-02', '2017-01-02 08:04:07', 0, '2017-01-30 14:21:19'),
(84, '70077', '2017-01-02', '2017-01-02 16:01:31', 0, '2017-01-30 14:21:19'),
(85, '70077', '2017-01-02', '2017-01-02 16:01:34', 0, '2017-01-30 14:21:19'),
(86, '71069', '2017-01-02', '2017-01-02 08:04:50', 1, '2017-01-30 14:21:19'),
(87, '71069', '2017-01-02', '2017-01-02 08:04:52', 1, '2017-01-30 14:21:19'),
(88, '71069', '2017-01-02', '2017-01-02 08:04:55', 1, '2017-01-30 14:21:20'),
(89, '72016', '2017-01-02', '2017-01-02 08:05:36', 0, '2017-01-30 14:21:20'),
(90, '73049', '2017-01-02', '2017-01-02 08:23:09', 0, '2017-01-30 14:21:20'),
(91, '73049', '2017-01-02', '2017-01-02 12:01:32', 0, '2017-01-30 14:21:20'),
(92, '73049', '2017-01-02', '2017-01-02 12:31:03', 0, '2017-01-30 14:21:20'),
(93, '73049', '2017-01-02', '2017-01-02 20:13:08', 0, '2017-01-30 14:21:20'),
(94, '73077', '2017-01-02', '2017-01-02 00:03:49', 0, '2017-01-30 14:21:20'),
(95, '73077', '2017-01-02', '2017-01-02 00:03:51', 0, '2017-01-30 14:21:20'),
(96, '73077', '2017-01-02', '2017-01-02 00:03:54', 0, '2017-01-30 14:21:20'),
(97, '73077', '2017-01-02', '2017-01-02 21:20:40', 0, '2017-01-30 14:21:20'),
(98, '73077', '2017-01-02', '2017-01-02 21:20:42', 0, '2017-01-30 14:21:20'),
(99, '73077', '2017-01-02', '2017-01-02 21:20:45', 0, '2017-01-30 14:21:20'),
(100, '73083', '2017-01-02', '2017-01-02 07:29:34', 0, '2017-01-30 14:21:20'),
(101, '73083', '2017-01-02', '2017-01-02 07:29:39', 0, '2017-01-30 14:21:20'),
(102, '73083', '2017-01-02', '2017-01-02 07:29:40', 0, '2017-01-30 14:21:20'),
(103, '73083', '2017-01-02', '2017-01-02 07:29:42', 0, '2017-01-30 14:21:20'),
(104, '73083', '2017-01-02', '2017-01-02 16:02:39', 0, '2017-01-30 14:21:20'),
(105, '73083', '2017-01-02', '2017-01-02 16:02:42', 0, '2017-01-30 14:21:20'),
(106, '73083', '2017-01-02', '2017-01-02 16:02:45', 0, '2017-01-30 14:21:20'),
(107, '74029', '2017-01-02', '2017-01-02 09:01:52', 0, '2017-01-30 14:21:21'),
(108, '74029', '2017-01-02', '2017-01-02 09:01:54', 0, '2017-01-30 14:21:21'),
(109, '74029', '2017-01-02', '2017-01-02 11:59:55', 0, '2017-01-30 14:21:21'),
(110, '74029', '2017-01-02', '2017-01-02 12:36:01', 0, '2017-01-30 14:21:21'),
(111, '74029', '2017-01-02', '2017-01-02 20:00:37', 0, '2017-01-30 14:21:21'),
(112, '74105', '2017-01-02', '2017-01-02 15:41:52', 0, '2017-01-30 14:21:21'),
(113, '74105', '2017-01-02', '2017-01-02 15:41:54', 0, '2017-01-30 14:21:21'),
(114, '74105', '2017-01-02', '2017-01-02 15:41:56', 0, '2017-01-30 14:21:21'),
(115, '74105', '2017-01-02', '2017-01-02 15:41:58', 0, '2017-01-30 14:21:21'),
(116, '75102', '2017-01-02', '2017-01-02 07:48:11', 1, '2017-01-30 14:21:21'),
(117, '75102', '2017-01-02', '2017-01-02 16:01:30', 1, '2017-01-30 14:21:21'),
(118, '76010', '2017-01-02', '2017-01-02 08:18:09', 0, '2017-01-30 14:21:21'),
(119, '76010', '2017-01-02', '2017-01-02 08:18:10', 0, '2017-01-30 14:21:21'),
(120, '76010', '2017-01-02', '2017-01-02 12:00:46', 0, '2017-01-30 14:21:21'),
(121, '76010', '2017-01-02', '2017-01-02 12:41:11', 0, '2017-01-30 14:21:21'),
(122, '76010', '2017-01-02', '2017-01-02 12:41:13', 0, '2017-01-30 14:21:21'),
(123, '76010', '2017-01-02', '2017-01-02 22:48:02', 0, '2017-01-30 14:21:21'),
(124, '76010', '2017-01-02', '2017-01-02 22:48:16', 0, '2017-01-30 14:21:21'),
(125, '76064', '2017-01-02', '2017-01-02 01:06:05', 0, '2017-01-30 14:21:22'),
(126, '76064', '2017-01-02', '2017-01-02 01:06:07', 0, '2017-01-30 14:21:22'),
(127, '76064', '2017-01-02', '2017-01-02 08:04:14', 0, '2017-01-30 14:21:22'),
(128, '76064', '2017-01-02', '2017-01-02 08:04:16', 0, '2017-01-30 14:21:22'),
(129, '76064', '2017-01-02', '2017-01-02 08:04:18', 0, '2017-01-30 14:21:22'),
(130, '76145', '2017-01-02', '2017-01-02 15:34:12', 1, '2017-01-30 14:21:22'),
(131, '76145', '2017-01-02', '2017-01-02 15:34:15', 1, '2017-01-30 14:21:22'),
(132, '77109', '2017-01-02', '2017-01-02 00:06:30', 1, '2017-01-30 14:21:22'),
(133, '77109', '2017-01-02', '2017-01-02 00:06:32', 1, '2017-01-30 14:21:22'),
(134, '77109', '2017-01-02', '2017-01-02 23:30:20', 1, '2017-01-30 14:21:22'),
(135, '77109', '2017-01-02', '2017-01-02 23:30:22', 1, '2017-01-30 14:21:22'),
(136, '77109', '2017-01-02', '2017-01-02 23:30:24', 1, '2017-01-30 14:21:22'),
(137, '77110', '2017-01-02', '2017-01-02 08:24:55', 0, '2017-01-30 14:21:22'),
(138, '77110', '2017-01-02', '2017-01-02 08:24:57', 0, '2017-01-30 14:21:22'),
(139, '77110', '2017-01-02', '2017-01-02 12:06:42', 0, '2017-01-30 14:21:22'),
(140, '77110', '2017-01-02', '2017-01-02 12:06:46', 0, '2017-01-30 14:21:22'),
(141, '77110', '2017-01-02', '2017-01-02 12:45:21', 0, '2017-01-30 14:21:22'),
(142, '77110', '2017-01-02', '2017-01-02 12:45:24', 0, '2017-01-30 14:21:23'),
(143, '77110', '2017-01-02', '2017-01-02 20:10:04', 0, '2017-01-30 14:21:23'),
(144, '77110', '2017-01-02', '2017-01-02 20:10:07', 0, '2017-01-30 14:21:23'),
(145, '77144', '2017-01-02', '2017-01-02 08:52:10', 0, '2017-01-30 14:21:23'),
(146, '77144', '2017-01-02', '2017-01-02 08:52:12', 0, '2017-01-30 14:21:23'),
(147, '77144', '2017-01-02', '2017-01-02 15:05:49', 0, '2017-01-30 14:21:23'),
(148, '77144', '2017-01-02', '2017-01-02 15:05:51', 0, '2017-01-30 14:21:23'),
(149, '78002', '2017-01-02', '2017-01-02 08:58:09', 0, '2017-01-30 14:21:23'),
(150, '78002', '2017-01-02', '2017-01-02 12:02:42', 0, '2017-01-30 14:21:23'),
(151, '78002', '2017-01-02', '2017-01-02 12:37:44', 0, '2017-01-30 14:21:23'),
(152, '78002', '2017-01-02', '2017-01-02 20:07:30', 0, '2017-01-30 14:21:23'),
(153, '78114', '2017-01-02', '2017-01-02 08:23:24', 0, '2017-01-30 14:21:23'),
(154, '78114', '2017-01-02', '2017-01-02 08:23:27', 0, '2017-01-30 14:21:23'),
(155, '78150', '2017-01-02', '2017-01-02 15:32:04', 0, '2017-01-30 14:21:23'),
(156, '78150', '2017-01-02', '2017-01-02 15:32:06', 0, '2017-01-30 14:21:23'),
(157, '79103', '2017-01-02', '2017-01-02 08:00:08', 0, '2017-01-30 14:21:23'),
(158, '79103', '2017-01-02', '2017-01-02 12:01:29', 0, '2017-01-30 14:21:24'),
(159, '79103', '2017-01-02', '2017-01-02 12:41:30', 0, '2017-01-30 14:21:24'),
(160, '79103', '2017-01-02', '2017-01-02 22:03:49', 0, '2017-01-30 14:21:24'),
(161, '79139', '2017-01-02', '2017-01-02 22:44:30', 1, '2017-01-30 14:21:24'),
(162, '79139', '2017-01-02', '2017-01-02 22:44:33', 1, '2017-01-30 14:21:24'),
(163, '79151', '2017-01-02', '2017-01-02 00:06:14', 1, '2017-01-30 14:21:24'),
(164, '79151', '2017-01-02', '2017-01-02 00:06:21', 1, '2017-01-30 14:21:24'),
(165, '79151', '2017-01-02', '2017-01-02 00:06:25', 1, '2017-01-30 14:21:24'),
(166, '79151', '2017-01-02', '2017-01-02 15:46:39', 1, '2017-01-30 14:21:24'),
(167, '79151', '2017-01-02', '2017-01-02 15:46:43', 1, '2017-01-30 14:21:24'),
(168, '80131', '2017-01-02', '2017-01-02 07:25:05', 1, '2017-01-30 14:21:24'),
(169, '80131', '2017-01-02', '2017-01-02 07:25:07', 1, '2017-01-30 14:21:24'),
(170, '80131', '2017-01-02', '2017-01-02 07:25:09', 1, '2017-01-30 14:21:24'),
(171, '80131', '2017-01-02', '2017-01-02 16:01:10', 1, '2017-01-30 14:21:24'),
(172, '80131', '2017-01-02', '2017-01-02 16:01:12', 1, '2017-01-30 14:21:24'),
(173, '80131', '2017-01-02', '2017-01-02 16:01:14', 1, '2017-01-30 14:21:24'),
(174, '80148', '2017-01-02', '2017-01-02 23:22:44', 0, '2017-01-30 14:21:24'),
(175, '80148', '2017-01-02', '2017-01-02 23:22:46', 0, '2017-01-30 14:21:25'),
(176, '81090', '2017-01-02', '2017-01-02 23:48:33', 0, '2017-01-30 14:21:25'),
(177, '83065', '2017-01-02', '2017-01-02 00:15:23', 0, '2017-01-30 14:21:25'),
(178, '83065', '2017-01-02', '2017-01-02 00:15:27', 0, '2017-01-30 14:21:25'),
(179, '83065', '2017-01-02', '2017-01-02 23:38:05', 0, '2017-01-30 14:21:25'),
(180, '83065', '2017-01-02', '2017-01-02 23:38:10', 0, '2017-01-30 14:21:25'),
(181, '83120', '2017-01-02', '2017-01-02 08:24:57', 0, '2017-01-30 14:21:25'),
(182, '83120', '2017-01-02', '2017-01-02 12:01:37', 0, '2017-01-30 14:21:25'),
(183, '83120', '2017-01-02', '2017-01-02 13:08:20', 0, '2017-01-30 14:21:25'),
(184, '83120', '2017-01-02', '2017-01-02 17:48:14', 0, '2017-01-30 14:21:25'),
(185, '83120', '2017-01-02', '2017-01-02 17:48:16', 0, '2017-01-30 14:21:25'),
(186, '84098', '2017-01-02', '2017-01-02 09:46:14', 0, '2017-01-30 14:21:25'),
(187, '84098', '2017-01-02', '2017-01-02 09:46:15', 0, '2017-01-30 14:21:25'),
(188, '84098', '2017-01-02', '2017-01-02 12:05:26', 0, '2017-01-30 14:21:25'),
(189, '84098', '2017-01-02', '2017-01-02 12:05:28', 0, '2017-01-30 14:21:25'),
(190, '84098', '2017-01-02', '2017-01-02 12:41:26', 0, '2017-01-30 14:21:25'),
(191, '84098', '2017-01-02', '2017-01-02 12:41:28', 0, '2017-01-30 14:21:26'),
(192, '84098', '2017-01-02', '2017-01-02 22:48:29', 0, '2017-01-30 14:21:26'),
(193, '84098', '2017-01-02', '2017-01-02 22:48:32', 0, '2017-01-30 14:21:26'),
(194, '85090', '2017-01-02', '2017-01-02 08:40:20', 0, '2017-01-30 14:21:26'),
(195, '85090', '2017-01-02', '2017-01-02 08:40:25', 0, '2017-01-30 14:21:26'),
(196, '85090', '2017-01-02', '2017-01-02 12:02:31', 0, '2017-01-30 14:21:26'),
(197, '85090', '2017-01-02', '2017-01-02 12:41:17', 0, '2017-01-30 14:21:26'),
(198, '85090', '2017-01-02', '2017-01-02 20:05:26', 0, '2017-01-30 14:21:26'),
(199, '86009', '2017-01-02', '2017-01-02 12:58:31', 0, '2017-01-30 14:21:26'),
(200, '86009', '2017-01-02', '2017-01-02 20:11:10', 0, '2017-01-30 14:21:26'),
(201, '86019', '2017-01-02', '2017-01-02 09:14:44', 0, '2017-01-30 14:21:26'),
(202, '86019', '2017-01-02', '2017-01-02 12:02:01', 0, '2017-01-30 14:21:26'),
(203, '86019', '2017-01-02', '2017-01-02 12:42:04', 0, '2017-01-30 14:21:26'),
(204, '86019', '2017-01-02', '2017-01-02 22:03:33', 0, '2017-01-30 14:21:26'),
(205, '86088', '2017-01-02', '2017-01-02 08:00:24', 0, '2017-01-30 14:21:26'),
(206, '86088', '2017-01-02', '2017-01-02 12:01:55', 0, '2017-01-30 14:21:26'),
(207, '86088', '2017-01-02', '2017-01-02 12:41:20', 0, '2017-01-30 14:21:26'),
(208, '86088', '2017-01-02', '2017-01-02 22:47:02', 0, '2017-01-30 14:21:26'),
(209, '87057', '2017-01-02', '2017-01-02 08:33:14', 0, '2017-01-30 14:21:27'),
(210, '87057', '2017-01-02', '2017-01-02 08:33:17', 0, '2017-01-30 14:21:27'),
(211, '87057', '2017-01-02', '2017-01-02 12:02:17', 0, '2017-01-30 14:21:27'),
(212, '87057', '2017-01-02', '2017-01-02 12:02:21', 0, '2017-01-30 14:21:27'),
(213, '87057', '2017-01-02', '2017-01-02 12:40:57', 0, '2017-01-30 14:21:27'),
(214, '87057', '2017-01-02', '2017-01-02 12:41:00', 0, '2017-01-30 14:21:27'),
(215, '87057', '2017-01-02', '2017-01-02 22:47:47', 0, '2017-01-30 14:21:27'),
(216, '87057', '2017-01-02', '2017-01-02 22:48:11', 0, '2017-01-30 14:21:27'),
(217, '91012', '2017-01-02', '2017-01-02 09:50:01', 0, '2017-01-30 14:21:27'),
(218, '91012', '2017-01-02', '2017-01-02 12:02:25', 0, '2017-01-30 14:21:27'),
(219, '91012', '2017-01-02', '2017-01-02 12:35:56', 0, '2017-01-30 14:21:27'),
(220, '91012', '2017-01-02', '2017-01-02 22:46:32', 0, '2017-01-30 14:21:27'),
(221, '92039', '2017-01-02', '2017-01-02 08:14:51', 0, '2017-01-30 14:21:27'),
(222, '92039', '2017-01-02', '2017-01-02 12:01:40', 0, '2017-01-30 14:21:27'),
(223, '92039', '2017-01-02', '2017-01-02 12:39:18', 0, '2017-01-30 14:21:27'),
(224, '92039', '2017-01-02', '2017-01-02 17:03:05', 0, '2017-01-30 14:21:27'),
(225, '92069', '2017-01-02', '2017-01-02 08:17:19', 0, '2017-01-30 14:21:28'),
(226, '92069', '2017-01-02', '2017-01-02 12:03:10', 0, '2017-01-30 14:21:28'),
(227, '92069', '2017-01-02', '2017-01-02 12:31:31', 0, '2017-01-30 14:21:28'),
(228, '92069', '2017-01-02', '2017-01-02 17:09:52', 0, '2017-01-30 14:21:28'),
(229, '93013', '2017-01-02', '2017-01-02 08:40:06', 0, '2017-01-30 14:21:28'),
(230, '93013', '2017-01-02', '2017-01-02 08:40:08', 0, '2017-01-30 14:21:28'),
(231, '93013', '2017-01-02', '2017-01-02 12:02:04', 0, '2017-01-30 14:21:28'),
(232, '93013', '2017-01-02', '2017-01-02 12:41:23', 0, '2017-01-30 14:21:28'),
(233, '93013', '2017-01-02', '2017-01-02 20:07:17', 0, '2017-01-30 14:21:28'),
(234, '93013', '2017-01-02', '2017-01-02 20:07:18', 0, '2017-01-30 14:21:28'),
(235, '93059', '2017-01-02', '2017-01-02 09:01:47', 0, '2017-01-30 14:21:28'),
(236, '93059', '2017-01-02', '2017-01-02 12:00:55', 0, '2017-01-30 14:21:28'),
(237, '93059', '2017-01-02', '2017-01-02 12:01:09', 0, '2017-01-30 14:21:28'),
(238, '93059', '2017-01-02', '2017-01-02 13:30:29', 0, '2017-01-30 14:21:28'),
(239, '93059', '2017-01-02', '2017-01-02 19:47:02', 0, '2017-01-30 14:21:28'),
(240, '93059', '2017-01-02', '2017-01-02 19:47:08', 0, '2017-01-30 14:21:28');

-- --------------------------------------------------------

--
-- Table structure for table `employees`
--

CREATE TABLE IF NOT EXISTS `employees` (
  `id` int(10) NOT NULL AUTO_INCREMENT,
  `empid` varchar(50) NOT NULL,
  `schedule_id` int(10) NOT NULL,
  `first_name` varchar(50) NOT NULL,
  `middle_name` varchar(50) NOT NULL,
  `last_name` varchar(50) NOT NULL,
  `username` varchar(50) NOT NULL,
  `password` varchar(50) NOT NULL,
  `gender` varchar(6) NOT NULL,
  `birthday` date NOT NULL,
  `birthplace` varchar(50) NOT NULL,
  `address` varchar(100) NOT NULL,
  `contact_no` varchar(50) NOT NULL,
  `email` varchar(50) NOT NULL,
  `appointment_status` varchar(50) NOT NULL,
  `position` varchar(50) NOT NULL,
  `gsis` varchar(50) NOT NULL,
  `sss` varchar(50) NOT NULL,
  `hdmf` varchar(50) NOT NULL,
  `philhealth` varchar(50) NOT NULL,
  `is_built_in` int(10) NOT NULL,
  PRIMARY KEY (`id`)
) ENGINE=InnoDB  DEFAULT CHARSET=latin1 AUTO_INCREMENT=4 ;

--
-- Dumping data for table `employees`
--

INSERT INTO `employees` (`id`, `empid`, `schedule_id`, `first_name`, `middle_name`, `last_name`, `username`, `password`, `gender`, `birthday`, `birthplace`, `address`, `contact_no`, `email`, `appointment_status`, `position`, `gsis`, `sss`, `hdmf`, `philhealth`, `is_built_in`) VALUES
(1, '82156', 0, 'Sly', 'Bulilan', 'Flores', 'admin', 'admin', '', '0000-00-00', '', '', '', '', '', '', '', '', '', '', 1),
(2, '82156', 0, 'Sylvester', 'Bulilan', 'Flores', '', '', 'Male', '1982-11-14', '', 'SFC', '', '', 'Casual', '', '', '', '', '', 0);

-- --------------------------------------------------------

--
-- Table structure for table `schedules`
--

CREATE TABLE IF NOT EXISTS `schedules` (
  `id` int(10) NOT NULL AUTO_INCREMENT,
  `description` varchar(100) NOT NULL,
  PRIMARY KEY (`id`)
) ENGINE=InnoDB  DEFAULT CHARSET=latin1 AUTO_INCREMENT=5 ;

--
-- Dumping data for table `schedules`
--

INSERT INTO `schedules` (`id`, `description`) VALUES
(1, 'Standard (8AM - 5PM)'),
(2, 'Nurse (7AM - 3PM)'),
(3, 'Nurse (3PM - 11PM)'),
(4, 'Nurse (11PM - 7AM)');

-- --------------------------------------------------------

--
-- Table structure for table `schedule_details`
--

CREATE TABLE IF NOT EXISTS `schedule_details` (
  `id` int(10) NOT NULL AUTO_INCREMENT,
  `schedule_id` int(10) NOT NULL,
  `day` varchar(10) NOT NULL,
  `morning_in` time NOT NULL,
  `morning_out` time NOT NULL,
  `afternoon_in` time NOT NULL,
  `afternoon_out` time NOT NULL,
  `dayoff` int(10) NOT NULL,
  `transcending` int(10) NOT NULL,
  `transcending_days_no` int(10) NOT NULL,
  PRIMARY KEY (`id`),
  KEY `schedule_id` (`schedule_id`)
) ENGINE=InnoDB  DEFAULT CHARSET=latin1 AUTO_INCREMENT=29 ;

--
-- Dumping data for table `schedule_details`
--

INSERT INTO `schedule_details` (`id`, `schedule_id`, `day`, `morning_in`, `morning_out`, `afternoon_in`, `afternoon_out`, `dayoff`, `transcending`, `transcending_days_no`) VALUES
(1, 1, 'Monday', '08:00:00', '12:00:00', '13:00:00', '17:00:00', 0, 0, 0),
(2, 1, 'Tuesday', '08:00:00', '12:00:00', '13:00:00', '17:00:00', 0, 0, 0),
(3, 1, 'Wednesday', '08:00:00', '12:00:00', '13:00:00', '17:00:00', 0, 0, 0),
(4, 1, 'Thursday', '08:00:00', '12:00:00', '13:00:00', '17:00:00', 0, 0, 0),
(5, 1, 'Friday', '08:00:00', '12:00:00', '13:00:00', '17:00:00', 0, 0, 0),
(6, 1, 'Saturday', '00:00:00', '00:00:00', '00:00:00', '00:00:00', 1, 0, 0),
(7, 1, 'Sunday', '00:00:00', '00:00:00', '00:00:00', '00:00:00', 1, 0, 0),
(8, 2, 'Monday', '07:00:00', '00:00:00', '00:00:00', '15:00:00', 0, 0, 1),
(9, 2, 'Tuesday', '07:00:00', '00:00:00', '00:00:00', '15:00:00', 0, 0, 1),
(10, 2, 'Wednesday', '07:00:00', '00:00:00', '00:00:00', '15:00:00', 0, 0, 1),
(11, 2, 'Thursday', '07:00:00', '00:00:00', '00:00:00', '15:00:00', 0, 0, 1),
(12, 2, 'Friday', '07:00:00', '00:00:00', '00:00:00', '15:00:00', 0, 0, 1),
(13, 2, 'Saturday', '07:00:00', '00:00:00', '00:00:00', '15:00:00', 0, 0, 1),
(14, 2, 'Sunday', '07:00:00', '00:00:00', '00:00:00', '15:00:00', 0, 0, 1),
(15, 3, 'Monday', '00:00:00', '00:00:00', '15:00:00', '23:00:00', 0, 0, 1),
(16, 3, 'Tuesday', '00:00:00', '00:00:00', '15:00:00', '23:00:00', 0, 0, 1),
(17, 3, 'Wednesday', '00:00:00', '00:00:00', '15:00:00', '23:00:00', 0, 0, 1),
(18, 3, 'Thursday', '00:00:00', '00:00:00', '15:00:00', '23:00:00', 0, 0, 1),
(19, 3, 'Friday', '00:00:00', '00:00:00', '15:00:00', '23:00:00', 0, 0, 1),
(20, 3, 'Saturday', '00:00:00', '00:00:00', '15:00:00', '23:00:00', 0, 0, 1),
(21, 3, 'Sunday', '00:00:00', '00:00:00', '15:00:00', '23:00:00', 0, 0, 1),
(22, 4, 'Monday', '00:00:00', '07:00:00', '23:00:00', '00:00:00', 0, 0, 1),
(23, 4, 'Tuesday', '00:00:00', '07:00:00', '23:00:00', '00:00:00', 0, 0, 1),
(24, 4, 'Wednesday', '00:00:00', '07:58:00', '23:00:00', '00:00:00', 0, 0, 1),
(25, 4, 'Thursday', '00:00:00', '07:00:00', '23:00:00', '00:00:00', 0, 0, 1),
(26, 4, 'Friday', '00:00:00', '07:00:00', '23:00:00', '00:00:00', 0, 0, 1),
(27, 4, 'Saturday', '00:00:00', '07:00:00', '23:00:00', '00:00:00', 0, 0, 1),
(28, 4, 'Sunday', '00:00:00', '07:00:00', '23:00:00', '00:00:00', 0, 0, 1);

--
-- Constraints for dumped tables
--

--
-- Constraints for table `schedule_details`
--
ALTER TABLE `schedule_details`
  ADD CONSTRAINT `schedule_details_ibfk_1` FOREIGN KEY (`schedule_id`) REFERENCES `schedules` (`id`) ON DELETE CASCADE ON UPDATE NO ACTION;

/*!40101 SET CHARACTER_SET_CLIENT=@OLD_CHARACTER_SET_CLIENT */;
/*!40101 SET CHARACTER_SET_RESULTS=@OLD_CHARACTER_SET_RESULTS */;
/*!40101 SET COLLATION_CONNECTION=@OLD_COLLATION_CONNECTION */;
